{"cameraMode":{"drawMode":0,"name":"Shaded","section":"Shading Mode"},"sceneLighting":true,"audioPlay":false,"sceneViewState":{"showFog":true,"showMaterialUpdate":false,"showSkybox":true,"showFlares":true,"showImageEffects":true,"showParticleSystems":true},"in2DMode":false,"pivot":{"x":-6.339426040649414,"y":-3.89707088470459,"z":2.9024956226348879},"rotation":{"x":-0.13437999784946443,"y":0.6704608201980591,"z":-0.12533791363239289,"w":-0.7188289761543274},"size":10.876067161560059,"orthographic":false}