{"cameraMode":{"drawMode":0,"name":"Shaded","section":"Shading Mode"},"sceneLighting":true,"audioPlay":false,"sceneViewState":{"showFog":true,"showMaterialUpdate":false,"showSkybox":true,"showFlares":true,"showImageEffects":true,"showParticleSystems":true},"in2DMode":false,"pivot":{"x":447.4107971191406,"y":378.1940002441406,"z":-334.70574951171877},"rotation":{"x":-0.0848020687699318,"y":0.01165467407554388,"z":-0.0009918847354128957,"w":-0.9963312745094299},"size":10.0,"orthographic":false}